Image size;JS;WASM;
16;0.023499999999912688;0.016999999999970896;
32;0.0805000000000291;0.04599999999991269;
64;0.21949999999997089;0.1625;
128;0.7889999999999417;0.6275;
256;3.0539999999999417;2.4705000000000292;
512;12.031000000000057;9.965999999999912;
768;26.632000000000115;22.101999999999972;
1024;47.47450000000012;39.513499999999766;

